Cpu,Price_in_euros
Intel Core i3 6006U 2GHz,539.0
Intel Core i7 6700HQ 2.6GHz,879.01
Intel Core i7 7500U 2.7GHz,900.0
Intel Core i5 1.8GHz,898.94
Intel Core i3 6006U 2.0GHz,428.0
Intel Core i5 7300U 2.6GHz,1124.0
Intel Core i5 7200U 2.5GHz,699.0
Intel Core i3 7100U 2.4GHz,499.0
Intel Core i7 7700HQ 2.8GHz,1348.48
Intel Core i7 7600U 2.8GHz,2445.0
Intel Core i5 2.9GHz,1958.9
Intel Core i7 8550U 1.8GHz,609.0
Intel Pentium Quad Core N4200 1.1GHz,344.0
Intel Core i7 6500U 2.5GHz,1747.0
Intel Core i7 8650U 1.9GHz,1298.0
Intel Celeron Quad Core N3710 1.6GHz,329.0
Intel Core i7 7700HQ 2.8GHz,1409.0
Intel Core i7 6500U 2.5GHz,1686.64
Intel Core i7 6700HQ 2.6GHz,1169.0
Intel Core i5 7200U 2.5GHz,1285.0
Intel Celeron Dual Core N3060 1.6GHz,355.0
Intel Core i7 7500U 2.7GHz,859.01
Intel Core i7 7500U 2.7GHz,799.0
Intel Atom x5-Z8300 1.44GHz,244.99
Intel Core i7 6700HQ 2.6GHz,1229.0
Intel Core i7 6700HQ 2.6GHz,2899.0
Intel Core i5 7300HQ 2.5GHz,949.0
Intel Core i7 7700HQ 2.8GHz,1350.0
Intel Core i3 7100U 2.4GHz,398.99
Intel Core i7 7500U 2.7GHz,1010.0
Intel Core i5 7200U 2.5GHz,1349.0
Intel Core i5 7200U 2.5GHz,557.37
Intel Core i5 7200U 2.5GHz,836.0
Intel Pentium Quad Core N3710 1.6GHz,500.0
Intel Core i5 6200U 2.3GHz,1000.0
Intel Core i7 7700HQ 2.8GHz,1907.99
Intel Celeron Dual Core N3060 1.6GHz,299.0
Intel Core i5 8250U 1.6GHz,1049.0
Intel Core i5 7200U 2.5GHz,1875.0
Intel Core i7 6700HQ 2.6GHz,1272.0
Intel Core i7 7700HQ 2.8GHz,1925.0
Intel Core i5 7200U 2.5GHz,597.0
Intel Core i5 6200U 2.3GHz,1195.0
Intel Core i7 6500U 2.5GHz,1268.0
Intel Core i7 7500U 2.7GHz,709.0
Intel Core i5 7200U 2.5GHz,485.0
Intel Core i3 6006U 2GHz,439.0
Intel Core i7 7700HQ 2.8GHz,2899.0
AMD Ryzen 1700 3GHz,2199.0
Intel Core i5 7200U 2.5GHz,1049.26
Intel Core i3 7100U 2.4GHz,735.0
Intel Celeron Dual Core N3060 1.6GHz,295.0
Intel Core i7 7820HK 2.9GHz,6099.0
Intel Core i7 6500U 2.5GHz,764.0
Intel Core i7 8550U 1.8GHz,1084.0
Intel Core i7 7700HQ 2.8GHz,1187.0
Intel Core i7 7700HQ 2.8GHz,2449.0
Intel Core i3 6006U 2GHz,444.0
Intel Pentium Quad Core N3710 1.6GHz,324.0
Intel Core i5 1.3GHz,1510.0
Intel Core i7 7500U 2.7GHz,745.0
Intel Core i7 7700HQ 2.8GHz,1799.0
Intel Pentium Quad Core N3700 1.6GHz,393.49
Intel Core i7 7500U 2.7GHz,1292.0
Intel Core i7 7700HQ 2.8GHz,1189.0
Intel Core i5 6200U 2.3GHz,1513.0
AMD A9-Series A9-9420 3GHz,650.0
Intel Core i7 7700HQ 2.8GHz,1763.0
Intel Core i7 7560U 2.4GHz,1379.0
Intel Core i7 6600U 2.6GHz,2050.38
Intel Celeron Dual Core 3855U 1.6GHz,375.0
Intel Core i5 7200U 2.5GHz,1962.99
Intel Core i5 7300U 2.6GHz,1426.66
Intel Core i5 7200U 2.5GHz,589.52
Intel Core i5 6200U 2.3GHz,1072.0
Intel Atom x5-Z8550 1.44GHz,549.0
Intel Core i5 3.1GHz,2040.0
Intel Core i7 6500U 2.5GHz,2339.0
Intel Core i3 6006U 2GHz,459.0
Intel Celeron Dual Core N3350 2.0GHz,349.0
Intel Core i5 7300HQ 2.5GHz,819.0
Intel Core i7 7700HQ 2.8GHz,1379.0
Intel Core i7 7500U 2.7GHz,1185.43
Intel Core i5 7200U 2.5GHz,1189.0
Intel Core i7 7700HQ 2.8GHz,1249.26
Intel Atom x5-Z8350 1.44GHz,255.0
Intel Core i3 6006U 2GHz,465.0
Intel Core i5 7200U 2.5GHz,980.0
Intel Core i5 6200U 2.3GHz,1579.0
AMD FX 9830P 3GHz,699.0
Intel Pentium Quad Core N3710 1.6GHz,479.0
Intel Core i7 6500U 2.5GHz,1713.49
Intel Core i7 6820HK 2.7GHz,2349.0
Intel Core i7 7500U 2.7GHz,1207.0
Intel Core i7 7500U 2.7GHz,1584.0
Intel Core i5 6200U 2.3GHz,1049.6
Intel Core i3 6006U 2GHz,589.0
Intel Core i7 6500U 2.5GHz,1495.0
Intel Core i5 8250U 1.6GHz,1144.5
Intel Core i7 7Y75 1.3GHz,2199.0
Intel Core i7 7500U 2.7GHz,1799.0
Intel Core i7 8550U 1.8GHz,1949.0
Intel Core i7 7700HQ 2.8GHz,1943.0
Intel Core i5 6200U 2.3GHz,1096.0
Intel Celeron Dual Core N3050 1.6GHz,229.0
Intel Core i5 6200U 2.3GHz,1149.0
Intel Pentium Quad Core N3710 1.6GHz,389.0
Intel Core i5 7300HQ 2.5GHz,1195.0
Intel Core i7 7500U 2.7GHz,1009.9
Intel Core i7 8550U 1.8GHz,1399.0
Intel Atom x5-Z8350 1.44GHz,249.0
Intel Core i7 6700HQ 2.6GHz,2153.37
Intel Core i3 6006U 2GHz,449.0
Intel Core i5 7200U 2.5GHz,569.0
AMD A6-Series 9220 2.9GHz,309.0
Intel Core i7 6500U 2.5GHz,1500.0
Intel Core i7 7500U 2.7GHz,2450.0
Intel Core i7 7500U 2.7GHz,1299.0
Intel Core i7 7500U 2.7GHz,1477.0
Intel Core i7 7500U 2.7GHz,1950.0
Intel Core i5 7200U 2.5GHz,684.99
Intel Core i7 6700HQ 2.6GHz,1169.0
Intel Core i7 7500U 2.7GHz,598.0
Intel Core i3 6100U 2.3GHz,1135.15
Intel Core i3 7100U 2.4GHz,547.0
Intel Core i7 7700HQ 2.8GHz,999.0
AMD A12-Series 9720P 3.6GHz,429.0
Intel Core i5 7200U 2.5GHz,999.9
Intel Celeron Dual Core N3060 1.6GHz,289.0
Intel Core i3 6006U 2GHz,389.0
Intel Core i7 8550U 1.8GHz,1103.0
Intel Core i7 7700HQ 2.8GHz,3659.4
Intel Core i7 6700HQ 2.6GHz,899.0
Intel Core i7 7700HQ 2.8GHz,1199.0
Intel Core i5 7200U 2.5GHz,1060.0
Intel Core i5 7200U 2.5GHz,649.0
Intel Core i7 7700HQ 2.8GHz,2027.42
Intel Core i7 7700HQ 2.8GHz,1899.0
Intel Core i7 8550U 1.8GHz,1399.95
Intel Core i7 6500U 2.5GHz,638.0
Intel Core i3 6006U 2GHz,412.0
Intel Core i7 7700HQ 2.8GHz,1327.0
Intel Core i7 6500U 2.5GHz,2229.0
Intel Core i5 6300U 2.4GHz,1900.0
Intel Core i7 8550U 1.8GHz,898.9
Intel Core i5 6200U 2.3GHz,1690.0
Intel Core i5 6200U 2.3GHz,1095.0
Intel Core i7 7700HQ 2.8GHz,2241.5
Intel Core i7 8550U 1.8GHz,745.0
Intel Core i7 6500U 2.5GHz,1669.0
Intel Core i5 7200U 2.5GHz,559.0
Intel Core i3 6006U 2GHz,490.0
Intel Pentium Quad Core N4200 1.1GHz,398.99
Intel Core i7 7700HQ 2.8GHz,2029.0
Intel Core i7 7700HQ 2.8GHz,1890.0
AMD E-Series 7110 1.8GHz,349.0
Intel Core i7 6500U 2.5GHz,1499.0
Intel Celeron Dual Core N3350 1.1GHz,348.0
Intel Core i5 7200U 2.5GHz,564.0
Intel Core i7 8550U 1.8GHz,1197.0
Intel Core i5 8250U 1.6GHz,719.0
Intel Core i7 6500U 2.5GHz,638.0
Intel Core i7 6700HQ 2.6GHz,1769.0
Intel Core i7 6820HK 2.7GHz,1545.64
Intel Core i5 6200U 2.3GHz,1469.0
Intel Core i5 7200U 2.5GHz,638.99
Intel Celeron Dual Core N3350 1.1GHz,419.0
Intel Core i7 6500U 2.5GHz,1425.0
Intel Core i5 7300HQ 2.5GHz,1770.0
Intel Core M m3-7Y30 2.2GHz,989.0
Intel Core i7 6500U 2.5GHz,1399.0
Intel Core i3 6006U 2.0GHz,469.0
Intel Core i5 7200U 2.5GHz,599.0
Intel Atom x5-Z8350 1.44GHz,191.9
Intel Core i7 7500U 2.7GHz,805.99
Intel Core i7 7700HQ 2.8GHz,899.0
Intel Core i7 7500U 2.7GHz,805.99
Intel Pentium Quad Core N4200 1.1GHz,744.0
Intel Core i5 7200U 2.5GHz,919.0
Intel Core i3 7130U 2.7GHz,630.0
Intel Core i5 8250U 1.6GHz,818.35
Intel Core i7 7700HQ 2.8GHz,1349.0
Intel Core i5 8250U 1.6GHz,1399.0
Intel Celeron Dual Core N3050 1.6GHz,379.0
Intel Core M 6Y54 1.1GHz,1699.0
Intel Core i7 7700HQ 2.8GHz,1159.0
Intel Core i5 8250U 1.6GHz,914.0
Intel Core i3 7130U 2.7GHz,599.0
Intel Core i7 6500U 2.5GHz,1228.99
Intel Core i5 7500U 2.7GHz,1082.0
Intel Core i5 8250U 1.6GHz,770.0
Intel Core i7 6700HQ 2.6GHz,1029.0
Intel Core i3 6100U 2.3GHz,705.15
Intel Core i5 7200U 2.5GHz,889.0
Intel Core i7 8550U 1.8GHz,1449.0
Intel Core i5 7200U 2.5GHz,695.0
Intel Core i5 8250U 1.6GHz,797.41
Intel Core M M7-6Y75 1.2GHz,1159.0
Intel Core i5 7200U 2.5GHz,1099.0
Intel Core M 6Y75 1.2GHz,1965.0
Intel Core i7 7500U 2.7GHz,1049.9
Intel Core i7 8550U 1.8GHz,1579.0
Intel Celeron Dual Core N3050 1.6GHz,369.0
Intel Core i5 8250U 1.6GHz,698.0
AMD A9-Series 9420 3GHz,489.0
Intel Core i3 7100U 2.4GHz,509.0
Intel Core i5 6300U 2.4GHz,1062.95
Intel Celeron Dual Core N3060 1.6GHz,229.0
Intel Celeron Dual Core N3350 1.1GHz,275.0
Intel Core i7 7500U 2.7GHz,1483.0
Intel Core i3 6006U 2GHz,499.0
Intel Core i5 8250U 1.6GHz,1398.99
Intel Core i5 6200U 2.3GHz,1186.0
Intel Celeron Dual Core N3060 1.6GHz,389.0
Intel Core i5 7200U 2.5GHz,468.0
Intel Core i7 7700HQ 2.8GHz,869.0
Intel Core i5 7200U 2.5GHz,945.0
Intel Core i7 8550U 1.8GHz,1869.0
Intel Core i7 7500U 2.7GHz,1468.0
Intel Celeron Quad Core N3450 1.1GHz,389.0
Intel Core i7 7500U 2.7GHz,1399.0
Intel Core i7 7820HK 2.9GHz,2799.0
Intel Core i5 8250U 1.6GHz,1869.0
Intel Core i5 6300HQ 2.3GHz,579.0
Intel Core M M3-6Y30 0.9GHz,669.0
Intel Core i5 8250U 1.6GHz,726.0
Intel Core i5 7440HQ 2.8GHz,1179.0
Intel Core i5 2.0GHz,1419.0
Intel Core i7 8550U 1.8GHz,1229.56
Intel Core i7 7560U 2.4GHz,1379.0
Intel Core M 6Y30 0.9GHz,729.0
Intel Core i7 6600U 2.6GHz,2440.0
Intel Core i3 6006U 2GHz,544.0
Intel Pentium Quad Core N4200 1.1GHz,309.0
Intel Core i5 8250U 1.6GHz,941.0
AMD A9-Series 9410 2.9GHz,549.99
Intel Atom x5-Z8350 1.44GHz,248.9
Intel Core i7 7700HQ 2.8GHz,1899.0
Intel Core i7 7700HQ 2.8GHz,2699.0
Intel Core i7 6700HQ 2.6GHz,1899.0
Intel Core i5 6300U 2.4GHz,1535.0
Intel Core M m7-6Y75 1.2GHz,1299.0
Intel Celeron Dual Core N3060 1.6GHz,347.0
Intel Core i7 8550U 1.8GHz,985.0
Intel Core i5 6300U 2.4GHz,1099.0
Intel Core i7 7500U 2.7GHz,1145.0
Intel Core i7 7500U 2.7GHz,2590.0
Intel Core i5 6300HQ 2.3GHz,789.0
Intel Core i5 7200U 2.5GHz,955.0
Intel Core i5 8250U 1.6GHz,728.0
Intel Core i7 7700HQ 2.8GHz,1749.0
Intel Core i3 6006U 2.0GHz,465.62
Intel Core i7 7500U 2.7GHz,1970.0
Intel Core i5 7200U 2.5GHz,1700.0
Intel Core i7 7500U 2.7GHz,1304.0
Intel Core i5 8250U 1.6GHz,1841.85
Intel Core i3 6100U 2.3GHz,650.0
Intel Core i5 8250U 1.6GHz,722.0
Intel Core i7 8550U 1.8GHz,659.0
Intel Core i5 7200U 2.5GHz,589.0
Intel Core i5 7440HQ 2.8GHz,1205.0
Intel Core i7 7700HQ 2.8GHz,3012.77
Intel Core i7 7500U 2.7GHz,1649.0
Intel Celeron Dual Core N3060 1.6GHz,287.9
Intel Core i7 7500U 2.7GHz,1219.0
Intel Core i5 7300HQ 2.5GHz,846.0
Intel Core i7 7500U 2.7GHz,1149.0
Intel Core i5 8250U 1.6GHz,928.0
Intel Core i7 7700HQ 2.8GHz,1060.49
Intel Core i5 6200U 2.3GHz,602.0
AMD A12-Series 9720P 3.6GHz,549.0
Intel Core i7 7700HQ 2.8GHz,2399.0
Intel Core i7 7700HQ 2.8GHz,1199.0
Intel Core i5 7200U 2.5GHz,806.0
Intel Core i7 8550U 1.8GHz,1145.0
Intel Core i7 6500U 2.5GHz,2198.19
Intel Core i7 7700HQ 2.8GHz,1079.0
Intel Core i5 8250U 1.6GHz,794.0
Intel Celeron Dual Core N3060 1.6GHz,288.9
Intel Core i5 7200U 2.5GHz,1149.0
Intel Core i7 6500U 2.5GHz,1887.21
Intel Core i5 1.6GHz,959.0
Intel Core i7 6500U 2.5GHz,1499.0
Intel Core i7 8550U 1.8GHz,1499.0
Intel Core i7 7Y75 1.3GHz,1899.0
Intel Core i3 7100U 2.4GHz,705.5
Intel Core i3 6100U 2.3GHz,740.0
Intel Celeron Dual Core N3060 1.6GHz,249.0
Intel Core i5 6200U 2.3GHz,1579.0
Intel Core i5 6300HQ 2.3GHz,977.0
Intel Core i7 8650U 1.9GHz,1607.96
Intel Core i7 6820HQ 2.7GHz,1975.0
Intel Core i5 7300HQ 2.5GHz,829.0
Intel Core i7 7700HQ 2.8GHz,1498.0
Intel Core i5 7200U 2.5GHz,1499.0
Intel Core i5 7200U 2.5GHz,639.01
Intel Core i7 7500U 2.7GHz,599.9
Intel Core i7 7500U 2.7GHz,629.0
Intel Core i7 7820HK 2.9GHz,2729.0
Intel Core i5 7300HQ 2.5GHz,1369.9
Intel Core i5 8250U 1.6GHz,749.0
Intel Core i7 7500U 2.7GHz,961.0
Intel Core i5 7200U 2.5GHz,1034.0
Intel Core i5 8250U 1.6GHz,1142.75
Intel Core i3 6100U 2.3GHz,481.98
Intel Celeron Dual Core 3205U 1.5GHz,199.0
Intel Celeron Dual Core N3060 1.6GHz,279.0
Intel Core i7 7500U 2.7GHz,579.0
Intel Core i5 7200U 2.5GHz,499.0
Intel Core i7 7600U 2.8GHz,1775.0
Intel Core i5 7200U 2.5GHz,839.0
Intel Core i7 7700HQ 2.8GHz,879.0
Intel Core i7 7700HQ 2.8GHz,1039.0
Intel Core i7 6600U 2.6GHz,2041.0
Intel Core i5 7300HQ 2.5GHz,999.0
AMD E-Series E2-9000e 1.5GHz,349.0
Intel Core i7 7500U 2.7GHz,2254.0
Intel Core i7 8550U 1.8GHz,1099.0
Intel Core i7 6700HQ 2.6GHz,899.0
Intel Core i5 7Y54 1.2GHz,1899.0
Intel Core i7 7700HQ 2.8GHz,1149.0
AMD A12-Series 9720P 3.6GHz,949.0
Intel Core i7 7700HQ 2.8GHz,1265.0
Intel Core i5 7200U 2.5GHz,579.0
Intel Core i5 3.1GHz,1803.6
Intel Atom X5-Z8350 1.44GHz,210.8
Intel Xeon E3-1505M V6 3GHz,1993.0
Intel Celeron Dual Core N3350 1.1GHz,340.0
Intel Core i7 7820HQ 2.9GHz,2884.86
AMD A8-Series 7410 2.2GHz,469.0
AMD E-Series 6110 1.5GHz,277.99
Intel Celeron Dual Core 3205U 1.5GHz,209.0
Intel Core i5 7200U 2.5GHz,441.8
Intel Core i3 6006U 2GHz,450.0
Intel Core M m3 1.2GHz,1262.4
Intel Core i7 7500U 2.7GHz,1480.0
Intel Core i3 7130U 2.7GHz,367.0
Intel Core i3 7100U 2.4GHz,636.0
Intel Celeron Dual Core N3350 1.1GHz,299.0
Intel Core i3 6006U 2.0GHz,499.0
Intel Core i5 8250U 1.6GHz,799.0
AMD A9-Series 9420 3GHz,400.0
Intel Core i5 6200U 2.3GHz,1030.99
Intel Core M 1.1GHz,1163.0
Intel Core i5 7200U 2.5GHz,639.0
Intel Core i5 7200U 2.5GHz,539.0
Intel Core i3 6006U 2GHz,390.0
Intel Core i5 7200U 2.5GHz,750.0
Intel Core i7 8550U 1.8GHz,2449.0
Intel Pentium Quad Core N4200 1.1GHz,298.0
Intel Core i7 7660U 2.5GHz,2589.0
Intel Core i7 6820HK 2.7GHz,2663.0
Intel Core i3 6006U 2GHz,468.0
Intel Core i5 6200U 2.3GHz,1119.0
Intel Core i7 6600U 2.6GHz,2499.0
Intel Core i3 6006U 2GHz,579.0
AMD E-Series 9000e 1.5GHz,330.0
Intel Celeron Dual Core N3060 1.6GHz,274.0
Intel Core i7 7500U 2.7GHz,889.0
Intel Core i7 6600U 2.6GHz,1764.0
Intel Core i7 7700HQ 2.8GHz,1169.0
Intel Celeron Dual Core N3050 1.6GHz,369.0
Intel Core i7 7700HQ 2.8GHz,2639.0
Intel Core i7 6560U 2.2GHz,1799.0
Intel Core i7 7600U 2.8GHz,1749.0
Intel Core i7 7700HQ 2.8GHz,2505.02
Intel Celeron Dual Core N3060 1.6GHz,209.0
Intel Core i3 7100U 2.4GHz,699.0
Intel Core i5 6440HQ 2.6GHz,1369.0
Intel Core i3 6006U 2GHz,485.0
Intel Core i7 7500U 2.7GHz,1499.0
Intel Core i5 7200U 2.5GHz,590.0
Intel Pentium Quad Core N3710 1.6GHz,389.0
Intel Core i7 8550U 1.8GHz,699.0
Intel Core i7 6700HQ 2.6GHz,1312.49
Intel Core i7 7500U 2.7GHz,789.0
Intel Core i5 7200U 2.5GHz,1010.51
Intel Core i7 6700HQ 2.6GHz,909.0
Intel Core i7 6600U 2.6GHz,2299.0
Intel Core i5 7200U 2.5GHz,573.0
Intel Core i3 6006U 2GHz,389.0
Intel Core i7 7600U 2.8GHz,1099.0
Intel Core i5 6200U 2.3GHz,540.0
Intel Core i3 6006U 2GHz,439.0
Intel Core i7 7700HQ 2.8GHz,949.0
Intel Core i7 8550U 1.8GHz,2099.0
Intel Celeron Dual Core N3060 1.6GHz,385.0
Intel Celeron Dual Core N3050 1.6GHz,369.0
Intel Core i7 7700HQ 2.8GHz,2099.0
Intel Celeron Quad Core N3450 1.1GHz,369.0
Intel Core i3 6006U 2.0GHz,614.0
Intel Core i5 8250U 1.6GHz,829.0
Intel Core i7 6700HQ 2.6GHz,2350.0
Intel Core M 6Y75 1.2GHz,3100.0
Intel Core i7 7700HQ 2.8GHz,1820.0
Intel Celeron Dual Core N3350 1.1GHz,419.0
Intel Core i5 6200U 2.3GHz,769.15
Intel Core i7 6820HQ 2.7GHz,2399.0
Intel Core i3 7100U 2.4GHz,479.0
Intel Core i3 6006U 2GHz,499.0
Intel Core i5 8250U 1.6GHz,1149.0
Intel Core i7 8550U 1.8GHz,1130.33
Intel Core i5 7300HQ 2.5GHz,1089.0
Intel Core i7 7500U 2.7GHz,949.0
Intel Core i5 7200U 2.5GHz,585.0
Intel Core i7 6500U 2.5GHz,1296.99
Intel Core i7 7500U 2.7GHz,1799.0
Intel Core i7 7500U 2.7GHz,1049.0
Intel Core i7 7700HQ 2.8GHz,779.0
Intel Core i7 6700HQ 2.6GHz,1935.0
Intel Pentium Quad Core N4200 1.1GHz,380.0
Intel Core i5 7200U 2.5GHz,960.0
Intel Core i7 7700HQ 2.8GHz,1249.0
Intel Core i3 7100U 2.4GHz,435.0
Intel Celeron Dual Core N3350 1.1GHz,260.0
Intel Core i5 7200U 2.5GHz,943.0
Intel Core i7 7700HQ 2.8GHz,1749.0
Intel Core i3 7100U 2.4GHz,469.01
Intel Core i7 8550U 1.8GHz,841.0
Intel Core i5 7200U 2.5GHz,912.5
Intel Core i5 8250U 1.6GHz,613.0
Intel Core i5 7440HQ 2.8GHz,1089.0
Intel Core i5 7200U 2.5GHz,1144.0
Intel Core i7 6820HK 2.7GHz,3975.0
AMD E-Series E2-6110 1.5GHz,199.0
Intel Core i5 7300U 2.6GHz,869.0
Intel Pentium Quad Core N3710 1.6GHz,349.0
Intel Core i7 7500U 2.7GHz,849.9
Intel Core i7 7700HQ 2.8GHz,1749.0
Intel Core i7 7700HQ 2.8GHz,1845.0
Intel Celeron Dual Core N3350 1.1GHz,495.0
Intel Core i3 6006U 2GHz,449.0
Intel Core i3 6006U 2.0GHz,459.0
Intel Core i5 7200U 2.5GHz,784.0
Intel Celeron Dual Core N3350 1.1GHz,278.0
Intel Celeron Dual Core N3350 1.1GHz,306.0
Intel Pentium Quad Core N4200 1.1GHz,470.34
Intel Core i7 7500U 2.7GHz,1388.0
Intel Core i5 7200U 2.5GHz,498.0
Intel Core i3 6006U 2GHz,617.9
Intel Core i5 6200U 2.3GHz,910.0
Intel Core i5 6200U 2.3GHz,1020.0
Intel Core i5 6300HQ 2.3GHz,1129.0
Intel Core i5 7200U 2.5GHz,1799.0
Intel Core i5 7300U 2.6GHz,1650.0
Intel Core i5 7200U 2.5GHz,973.0
Intel Core i7 7700HQ 2.8GHz,1749.0
Intel Core i5 8250U 1.6GHz,1116.02
Intel Pentium Quad Core N3710 1.6GHz,530.0
Intel Core i7 7500U 2.7GHz,859.0
Intel Core i3 7100U 2.4GHz,586.6
Intel Celeron Dual Core 3855U 1.6GHz,318.0
Intel Core i7 6700HQ 2.6GHz,1196.0
Intel Core i5 7200U 2.5GHz,598.99
Intel Core i5 6200U 2.3GHz,1669.0
Intel Core i7 6500U 2.5GHz,720.32
Intel Core M 6Y75 1.2GHz,2014.0
Intel Core i5 7300HQ 2.5GHz,1017.0
Intel Core i7 7500U 2.7GHz,2049.0
Intel Core i5 8250U 1.6GHz,1049.0
Intel Core i7 6500U 2.5GHz,1468.0
Intel Core i5 7200U 2.5GHz,1099.0
AMD A10-Series 9600P 2.4GHz,499.0
Intel Core i5 7300HQ 2.5GHz,1095.0
AMD E-Series E2-9000 2.2GHz,349.0
Intel Core i7 6700HQ 2.6GHz,2325.0
Intel Core i7 7700HQ 2.8GHz,999.0
Intel Core i7 6500U 2.5GHz,720.32
Intel Core i5 7200U 2.5GHz,889.0
Intel Core i5 7200U 2.5GHz,619.0
Intel Core i5 7300HQ 2.5GHz,985.0
Intel Core i5 7200U 2.5GHz,911.0
AMD A9-Series 9410 2.9GHz,549.99
Intel Core i7 2.2GHz,2139.97
Intel Core i3 6006U 2.0GHz,361.8
Intel Core i5 8250U 1.6GHz,977.0
Intel Pentium Quad Core N4200 1.1GHz,304.0
Intel Core i5 6300U 2.4GHz,1046.44
Intel Core i5 7Y57 1.2GHz,1559.0
Intel Celeron Dual Core N3050 1.6GHz,369.0
Intel Core i7 7700HQ 2.8GHz,2267.86
Intel Core i7 7700HQ 2.8GHz,1598.0
Intel Core i7 8550U 1.8GHz,1279.0
Intel Core i5 7300U 2.6GHz,1268.0
Intel Core i5 6200U 2.3GHz,940.0
Intel Core i7 7500U 2.7GHz,2509.0
Intel Core i5 7200U 2.5GHz,860.0
Intel Celeron Quad Core N3160 1.6GHz,325.0
Intel Pentium Quad Core N4200 1.1GHz,466.0
Intel Core i5 6200U 2.3GHz,1349.0
Intel Core i5 7200U 2.5GHz,789.81
Intel Core i3 6100U 2.1GHz,498.0
Intel Core i5 6300HQ 2.3GHz,1191.0
Intel Core i7 6500U 2.5GHz,669.0
Intel Core i7 8550U 1.8GHz,951.0
AMD A9-Series 9420 3GHz,469.0
Intel Core i7 7500U 2.7GHz,1193.0
Intel Core i5 6200U 2.3GHz,493.0
Intel Core i5 7200U 2.5GHz,616.0
Intel Core i5 7300HQ 2.5GHz,809.0
Intel Core i7 7600U 2.8GHz,1690.0
Intel Core i5 8250U 1.6GHz,521.47
Intel Core i7 6700HQ 2.6GHz,2150.0
Intel Core i5 6200U 2.3GHz,398.0
Intel Core i7 6600U 2.6GHz,1858.0
Intel Core i3 7100U 2.4GHz,509.0
Intel Core i7 6500U 2.5GHz,1870.0
Intel Core i7 6700HQ 2.6GHz,1599.0
Intel Core i7 6500U 2.5GHz,1029.0
Intel Core i7 7700HQ 2.8GHz,1699.0
Intel Core i5 7200U 2.5GHz,1119.0
Intel Core i7 7700HQ 2.8GHz,1499.0
Intel Core i3 7100U 2.4GHz,459.0
Intel Core i5 7300HQ 2.5GHz,839.0
Intel Celeron Dual Core N3350 1.1GHz,321.99
Intel Core i3 6006U 2GHz,418.64
Intel Celeron Dual Core N3050 1.6GHz,229.0
Intel Core i7 7700HQ 2.8GHz,1191.8
Intel Celeron Dual Core N3350 1.1GHz,245.0
Intel Core i7 6700HQ 2.6GHz,1329.0
Intel Core i7 6500U 2.5GHz,1043.0
Intel Core i7 7500U 2.7GHz,1335.0
Intel Atom x5-Z8350 1.44GHz,239.0
Intel Core i5 7200U 2.5GHz,1126.71
Intel Core i7 7500U 2.7GHz,1334.0
Intel Core i5 6200U 2.3GHz,1637.0
Intel Core i5 1.6GHz,998.0
Intel Core i7 6820HK 2.7GHz,2199.0
Intel Core i7 6820HQ 2.7GHz,2338.0
AMD A6-Series 9220 2.5GHz,399.0
Intel Core i7 7600U 2.8GHz,1867.85
Intel Celeron Dual Core N3060 1.6GHz,289.0
Intel Core i7 6500U 2.5GHz,847.0
Intel Core i7 7500U 2.5GHz,1799.0
Intel Core i5 6300U 2.4GHz,1099.99
Intel Core i5 7200U 2.5GHz,1135.0
Intel Core i7 7700HQ 2.8GHz,1479.0
Intel Core i7 7700HQ 2.8GHz,1699.0
Intel Core i7 6920HQ 2.9GHz,2799.0
Intel Core i7 8550U 1.8GHz,819.0
Intel Core i5 6200U 2.3GHz,1599.0
Intel Core i3 6006U 2GHz,564.0
Intel Core i5 6200U 2.3GHz,535.0
Intel Celeron Dual Core N3060 1.6GHz,259.0
Intel Core i7 7500U 2.7GHz,1458.0
Intel Core i5 7200U 2.5GHz,857.07
Intel Core i7 7500U 2.7GHz,1269.0
Intel Core i7 7700HQ 2.8GHz,3499.0
Intel Core i7 6500U 2.5GHz,1363.0
Intel Core i5 1.8GHz,1158.7
Intel Core i5 7300HQ 2.5GHz,997.9
Intel Core i7 7500U 2.7GHz,2625.0
Intel Core i7 7700HQ 2.8GHz,1199.0
Intel Celeron Dual Core N3350 1.1GHz,252.36
Intel Core i5 7200U 2.5GHz,1639.0
Intel Core i5 8250U 1.6GHz,1499.0
Intel Core i7 7700HQ 2.8GHz,1260.0
Intel Core i7 7500U 2.7GHz,749.0
Intel Core i7 6700HQ 2.6GHz,3949.4
Intel Pentium Quad Core N3710 1.6GHz,369.0
Intel Core i7 7700HQ 2.8GHz,1679.0
Intel Core i3 6006U 2GHz,345.99
Intel Core i5 6200U 2.3GHz,1002.0
Intel Core i5 7200U 2.5GHz,586.19
Intel Celeron Dual Core N3350 2GHz,272.0
Intel Celeron Dual Core N3060 1.6GHz,265.0
Intel Core i7 7820HQ 2.9GHz,2090.0
Intel Core i5 7200U 2.5GHz,902.0
Intel Core i7 7500U 2.7GHz,1099.0
Intel Core i7 6700HQ 2.6GHz,899.0
Intel Core i7 7700HQ 2.8GHz,1655.0
Intel Core i5 7200U 2.5GHz,850.66
Intel Core i7 8550U 1.8GHz,1215.38
Intel Core i7 7600U 2.8GHz,1537.39
Intel Core i7 8550U 1.8GHz,855.0
Intel Core i7 7500U 2.7GHz,1499.0
Intel Core i7 2.7GHz,2537.45
Intel Core i7 6500U 2.5GHz,1349.0
Intel Core i7 7820HK 2.9GHz,3890.0
Intel Core i7 7700HQ 2.8GHz,2449.0
Intel Core i7 7500U 2.7GHz,1699.0
Intel Celeron Quad Core N3160 1.6GHz,379.0
Intel Core i3 7100U 2.4GHz,949.0
Intel Core i5 6200U 2.3GHz,649.0
Intel Core i7 7600U 2.8GHz,1975.0
Intel Core i5 7200U 2.5GHz,1429.0
Intel Core i5 6200U 2.3GHz,1244.0
Intel Core i7 7700HQ 2.8GHz,1504.0
Intel Core i7 8550U 1.8GHz,1849.0
Intel Core i3 6006U 2GHz,539.0
Intel Core i7 6820HQ 2.7GHz,2249.0
Intel Core i7 7700HQ 2.8GHz,1191.0
Intel Core i7 8550U 1.8GHz,735.07
Intel Core i5 7200U 2.5GHz,891.0
Intel Core i3 7100U 2.4GHz,800.0
Intel Core i5 7200U 2.5GHz,1364.0
Intel Core i7 7600U 2.8GHz,1680.0
Intel Core i5 7200U 2.5GHz,726.0
Intel Core i3 7130U 2.7GHz,599.0
Intel Celeron Dual Core N3350 1.1GHz,292.0
Intel Core i7 8550U 1.8GHz,1159.0
Intel Core i5 7200U 2.5GHz,1472.2
Intel Celeron Dual Core N3350 1.1GHz,286.0
Intel Celeron Dual Core 3205U 1.5GHz,174.0
Intel Core i7 7500U 2.7GHz,2499.0
Intel Core i7 7700HQ 2.8GHz,1179.0
Intel Core i7 6500U 2.5GHz,812.0
Intel Pentium Quad Core N3710 1.6GHz,309.0
Intel Core i5 7200U 2.5GHz,690.0
Intel Celeron Dual Core N3050 1.6GHz,379.0
Intel Core i7 6500U 2.5GHz,638.0
Intel Core i5 7200U 2.5GHz,749.0
Intel Core i5 7200U 2.5GHz,889.0
Intel Celeron Dual Core N3350 1.1GHz,224.0
Intel Core i7 6700HQ 2.6GHz,1511.19
AMD A9-Series A9-9420 3GHz,649.0
Intel Core i7 7500U 2.7GHz,1859.0
Intel Core i7 7700HQ 2.8GHz,1949.0
AMD A6-Series A6-9220 2.5GHz,445.9
Intel Core i7 7700HQ 2.8GHz,1299.0
Intel Core i7 7500U 2.7GHz,1873.0
Intel Core i7 7500U 2.7GHz,1900.0
Intel Core i3 6006U 2.0GHz,629.0
Intel Core i7 8550U 1.8GHz,1031.0
Intel Core i7 7700HQ 2.8GHz,2499.0
Intel Core i5 8250U 1.6GHz,999.0
Intel Core i7 7700HQ 2.8GHz,1349.0
Intel Core i7 7700HQ 2.8GHz,2397.0
Intel Core i7 7700HQ 2.7GHz,2046.0
Intel Atom x5-Z8550 1.44GHz,319.0
Intel Core i5 6260U 1.8GHz,1199.0
Intel Pentium Dual Core 4405Y 1.5GHz,615.0
Intel Celeron Dual Core N3050 1.6GHz,229.0
Intel Core i5 8250U 1.6GHz,879.0
Intel Core i7 7500U 2.7GHz,2799.0
Intel Core i3 6006U 2GHz,403.5
Intel Celeron Dual Core N3350 1.1GHz,299.0
Intel Core i5 7200U 2.5GHz,565.0
Intel Core i5 7200U 2.5GHz,1009.0
Intel Core i7 7500U 2.7GHz,979.0
Intel Core i7 6500U 2.5GHz,764.0
Intel Core i5 7300HQ 2.5GHz,906.62
Intel Core i5 6200U 2.3GHz,1199.0
Intel Core i5 6200U 2.3GHz,659.0
Intel Core i7 7700HQ 2.8GHz,1899.0
Intel Core i7 6500U 2.5GHz,895.0
Intel Core i7 7Y75 1.3GHz,2013.1
Intel Core i3 6006U 2GHz,449.0
Intel Core i7 6500U 2.5GHz,629.0
Intel Core i7 7700HQ 2.8GHz,1099.0
Intel Core i7 7500U 2.7GHz,1018.99
AMD A9-Series 9420 2.9GHz,399.0
Intel Core i5 7200U 2.5GHz,612.61
AMD A10-Series A10-9620P 2.5GHz,575.0
Intel Core i7 7500U 2.7GHz,1119.0
Intel Core i5 6200U 2.3GHz,1180.0
Intel Core i5 6300HQ 2.3GHz,1399.0
Intel Core i3 6100U 2.3GHz,795.99
Intel Core i7 7700HQ 2.8GHz,3147.37
Intel Celeron Dual Core 3855U 1.6GHz,459.9
Intel Core i7 7700HQ 2.8GHz,2122.0
Intel Core i5 7200U 2.5GHz,813.0
Intel Core i5 7300HQ 2.5GHz,1027.74
Intel Core i5 7200U 2.5GHz,990.0
Intel Core i7 8550U 1.8GHz,884.0
Intel Core M 6Y75 1.2GHz,1399.0
Intel Core i7 7500U 2.7GHz,659.01
Intel Celeron Dual Core N3060 1.6GHz,209.0
Intel Core i7 7700HQ 2.8GHz,2599.0
Intel Core i7 7500U 2.7GHz,778.87
Intel Core i7 7700HQ 2.8GHz,1407.0
Intel Core i7 7700HQ 2.8GHz,1591.0
Intel Core i5 8250U 1.6GHz,805.0
Intel Core i3 6006U 2GHz,545.67
Intel Core i5 8250U 1.6GHz,685.0
Intel Core i5 7200U 2.5GHz,977.0
Intel Core i5 7200U 2.5GHz,609.0
Intel Core i5 8250U 1.6GHz,1085.0
Intel Core i7 8550U 1.8GHz,1219.24
Intel Core i7 6700HQ 2.6GHz,2289.99
Intel Celeron Dual Core N3060 1.6GHz,349.0
Intel Core i7 6500U 2.5GHz,1499.0
Intel Core i5 8250U 1.6GHz,1599.0
Intel Core i5 8250U 1.6GHz,899.0
Intel Core i3 6006U 2GHz,689.0
Intel Core i5 8250U 1.6GHz,722.0
Intel Core i3 6006U 2GHz,639.9
Intel Core i7 7700HQ 2.8GHz,1799.0
AMD A6-Series 9220 2.5GHz,519.0
Intel Core i7 7500U 2.7GHz,895.01
Intel Core i5 7200U 2.5GHz,1539.0
Intel Core i7 7500U 2.7GHz,839.0
Intel Core i5 8250U 1.6GHz,923.0
Intel Core i5 7200U 2.5GHz,549.0
Intel Core i7 7500U 2.7GHz,805.99
Intel Core i7 7700HQ 2.8GHz,1600.0
Intel Core i5 7200U 2.5GHz,1265.0
Intel Core i7 8550U 1.8GHz,2299.0
Intel Core i5 7200U 2.5GHz,881.0
Intel Core i7 7500U 2.7GHz,742.0
Intel Core i7 7700HQ 2.8GHz,1799.0
Intel Core i7 7500U 2.7GHz,2089.0
Intel Core i7 7500U 2.7GHz,2226.0
Intel Core i5 7200U 2.5GHz,699.0
Intel Core i5 6200U 2.3GHz,523.63
Intel Core i7 8550U 1.8GHz,870.0
Intel Core i7 7700HQ 2.8GHz,1738.27
Intel Core M 1.2GHz,1279.0
Intel Core i5 7200U 2.5GHz,739.0
Intel Core i7 8550U 1.8GHz,2499.0
Intel Core i7 6820HQ 2.7GHz,2135.0
Intel Core i5 1.6GHz,1099.0
Intel Celeron Dual Core N3350 1.1GHz,615.0
Intel Core M 7Y30 1.0GHz,603.0
AMD A12-Series 9720P 2.7GHz,529.0
Intel Core i5 7200U 2.5GHz,1340.0
Intel Core i7 7500U 2.7GHz,1224.0
Intel Core i7 7700HQ 2.8GHz,2094.48
Intel Core i5 6200U 2.3GHz,1195.0
Intel Core i5 7200U 2.5GHz,899.0
Intel Core i5 8250U 1.6GHz,776.0
AMD Ryzen 1700 3GHz,1299.0
Intel Core i3 7100U 2.4GHz,384.0
Intel Core i3 6006U 2GHz,739.0
Intel Core i5 8250U 1.6GHz,1599.0
Intel Core i5 7300HQ 2.5GHz,1299.0
Intel Core i3 6006U 2GHz,498.9
Intel Core i7 7500U 2.7GHz,1299.0
Intel Core i7 7500U 2.7GHz,1200.0
AMD A6-Series 9220 2.5GHz,398.0
Intel Core i7 7700HQ 2.8GHz,2999.0
Intel Core i7 7500U 2.7GHz,639.0
Intel Core i3 6006U 2GHz,665.0
AMD A6-Series 9220 2.5GHz,399.0
AMD A6-Series A6-9220 2.5GHz,478.89
Intel Core i5 8250U 1.6GHz,959.0
Intel Core i5 7200U 2.5GHz,621.45
Intel Core i3 6006U 2GHz,344.99
Intel Celeron Dual Core N3060 1.6GHz,249.0
AMD A10-Series 9620P 2.5GHz,579.0
Intel Core i7 7500U 2.7GHz,749.01
Intel Core i7 7700HQ 2.8GHz,2419.0
Intel Core i3 7100U 2.4GHz,459.0
Intel Core i7 8550U 1.8GHz,1271.0
Intel Core i7 8550U 1.8GHz,1045.0
Intel Core i3 6006U 2GHz,598.0
Intel Pentium Quad Core N3710 1.6GHz,485.0
Intel Core i7 7700HQ 2.8GHz,1109.0
Intel Core i7 6500U 2.5GHz,1877.0
Intel Core i3 6006U 2.0GHz,443.9
Intel Core i7 7700HQ 2.8GHz,1699.0
Intel Core i3 7100U 2.4GHz,769.99
Intel Core i7 2.8GHz,2439.97
AMD A10-Series A10-9620P 2.5GHz,568.9
AMD Ryzen 1600 3.2GHz,1695.0
Intel Core i5 7200U 2.5GHz,1399.0
Intel Pentium Quad Core N4200 1.1GHz,449.0
Intel Core i5 8250U 1.6GHz,647.0
Intel Core i7 6700HQ 2.6GHz,2299.0
Intel Core i7 7700HQ 2.8GHz,2249.0
Intel Core i3 6006U 2GHz,529.0
Intel Core i5 7200U 2.5GHz,959.0
Intel Core i7 7820HQ 2.9GHz,2449.0
Intel Core i5 7300HQ 2.5GHz,779.0
Intel Core i7 7500U 2.7GHz,1399.0
Intel Core i7 7700HQ 2.8GHz,846.0
Intel Core i3 6006U 2GHz,410.8
Intel Core i3 6100U 2.3GHz,1166.97
Intel Core i5 7200U 2.5GHz,1358.0
Intel Xeon E3-1535M v5 2.9GHz,4389.0
Intel Core i5 7200U 2.5GHz,488.69
Intel Core i7 8550U 1.8GHz,1049.0
Intel Core i5 6200U 2.3GHz,1099.99
Intel Core i5 7300U 2.6GHz,1179.0
Intel Core i5 8250U 1.6GHz,896.0
Intel Core i5 2.3GHz,1518.55
Intel Core i3 6006U 2.0GHz,565.0
Intel Celeron Dual Core N3060 1.6GHz,330.0
Intel Core i5 7200U 2.5GHz,830.0
Intel Core i5 7200U 2.5GHz,589.0
Intel Core i5 6200U 2.3GHz,1590.0
Intel Core i5 6200U 2.3GHz,1413.1
Intel Core i5 7300HQ 2.5GHz,1649.0
Intel Core M 6Y30 0.9GHz,729.0
Intel Core i7 8550U 1.8GHz,1099.0
Intel Core i5 7200U 2.5GHz,699.0
Intel Core i3 7100U 2.4GHz,619.0
Intel Core i3 7100U 2.4GHz,499.0
Intel Core i5 6200U 2.3GHz,689.0
Intel Core i5 8250U 1.6GHz,949.0
Intel Core i7 8550U 1.8GHz,988.0
Intel Core i5 7200U 2.5GHz,799.0
Intel Core i7 7700HQ 2.8GHz,3149.0
Intel Core i7 6600U 2.6GHz,1962.98
Intel Core i5 7200U 2.5GHz,1064.0
Intel Core i7 6600U 2.6GHz,2099.0
Intel Core i5 7200U 2.5GHz,1672.0
Intel Core i3 7100U 2.4GHz,597.0
Intel Core i7 7500U 2.7GHz,2282.0
Intel Core i7 7660U 2.5GHz,1799.0
Intel Core i7 7700HQ 2.8GHz,2599.0
Intel Core i5 7200U 2.5GHz,598.9
Intel Celeron Dual Core N3060 1.6GHz,297.0
AMD A12-Series 9720P 3.6GHz,899.0
Intel Core i7 7500U 2.7GHz,685.0
Intel Core i5 7200U 2.5GHz,739.0
Intel Core i7 7700HQ 2.8GHz,1499.0
Intel Core i7 7500U 2.7GHz,1799.0
Intel Celeron Dual Core N3350 1.1GHz,298.0
Intel Core i7 7500U 2.7GHz,2025.0
Intel Core i7 8550U 1.8GHz,1999.0
Intel Core i7 7500U 2.7GHz,2824.0
Intel Core i7 8550U 1.8GHz,1049.0
AMD A8-Series 7410 2.2GHz,387.0
Intel Pentium Dual Core 4405U 2.1GHz,499.0
Intel Core i7 6500U 2.5GHz,1403.0
Intel Core i5 7200U 2.5GHz,859.0
Intel Core i7 8550U 1.8GHz,1495.0
Intel Core i5 7200U 2.5GHz,649.0
Intel Core i7 7500U 2.7GHz,2049.0
AMD A9-Series 9420 3GHz,499.0
Intel Core i3 6006U 2.2GHz,447.0
Intel Core i3 6006U 2GHz,849.0
Intel Core i5 7200U 2.5GHz,713.99
Intel Core i5 7200U 2.5GHz,825.0
Intel Core i7 7700HQ 2.8GHz,1168.0
Intel Core i5 7200U 2.5GHz,522.99
Intel Core i5 7200U 2.5GHz,960.0
Intel Core i3 6006U 2GHz,499.0
Intel Core i5 7200U 2.5GHz,799.0
Intel Core i3 6006U 2GHz,585.0
Intel Core i7 7500U 2.7GHz,831.0
Intel Core i7 7500U 2.7GHz,1094.0
Intel Core i5 7200U 2.5GHz,1080.0
Intel Core i5 8250U 1.6GHz,659.0
Intel Core i3 6006U 2GHz,469.0
Intel Core i7 7500U 2.7GHz,1070.0
Intel Core i7 7820HQ 2.9GHz,1534.0
Intel Core i7 7700HQ 2.8GHz,1249.0
Intel Atom Z8350 1.92GHz,265.0
Intel Core i5 7200U 2.5GHz,1535.0
Intel Core i7 7600U 2.8GHz,1369.0
Intel Core i5 8250U 1.6GHz,675.0
Intel Celeron Dual Core N3350 1.1GHz,399.0
AMD A6-Series 9220 2.5GHz,398.49
Intel Core i7 7500U 2.7GHz,1097.0
Intel Core i7 7700HQ 2.8GHz,1486.77
Intel Core i7 6500U 2.5GHz,720.32
Intel Core i5 6200U 2.3GHz,1460.0
Intel Celeron Dual Core N3060 1.6GHz,269.0
Intel Core i7 7500U 2.7GHz,739.0
Intel Core i7 7500U 2.7GHz,1950.0
Intel Core i3 6006U 2GHz,699.0
Intel Core i3 6006U 2.0GHz,359.0
Intel Core i7 7700HQ 2.8GHz,3588.8
Intel Core i7 6700HQ 2.6GHz,2229.0
Intel Core i7 7500U 2.7GHz,659.0
Intel Core i5 7200U 2.5GHz,1390.0
Intel Core i7 7500U 2.7GHz,1790.0
Intel Core i3 6006U 2GHz,489.0
Intel Core i7 7600U 2.8GHz,1859.0
Intel Core i5 7200U 2.5GHz,793.0
Intel Core i7 7Y75 1.3GHz,1649.0
Intel Core i5 7200U 2.5GHz,559.0
Intel Celeron Dual Core N3060 1.6GHz,274.9
Intel Core i7 7700HQ 2.8GHz,1999.0
Intel Core i7 7500U 2.7GHz,1748.9
Intel Core i5 7200U 2.50GHz,846.5
Intel Core i3 6006U 2GHz,368.0
Intel Core i5 6200U 2.3GHz,755.0
Intel Core i3 7130U 2.7GHz,702.0
Intel Core i5 6200U 2.3GHz,780.0
Intel Celeron Dual Core N3350 1.1GHz,304.45
Intel Core i7 6500U 2.5GHz,679.0
Intel Celeron Dual Core N3350 1.1GHz,375.0
Intel Core i7 6700HQ 2.6GHz,1561.0
Intel Core i5 7200U 2.5GHz,742.0
Intel Core i5 7300U 2.6GHz,1427.0
Intel Core i7 7700HQ 2.8GHz,1299.0
Intel Core i5 8250U 1.6GHz,682.0
Intel Celeron Dual Core N3050 1.6GHz,269.0
Intel Core i5 8250U 1.6GHz,979.0
Intel Core i7 7500U 2.7GHz,745.0
Intel Core i5 7200U 2.5GHz,618.99
Intel Core i7 7700HQ 2.8GHz,1199.0
Intel Celeron Dual Core N3060 1.6GHz,435.0
Intel Core i7 6700HQ 2.6GHz,1339.0
Intel Core i7 7700HQ 2.8GHz,2049.9
Intel Core i5 7200U 2.5GHz,1799.0
Intel Core i5 6300U 2.4GHz,1713.37
Intel Core i7 8550U 1.8GHz,1396.0
Intel Core i5 7200U 2.5GHz,1189.0
Intel Core i7 7500U 2.7GHz,859.0
Intel Core i5 8250U 1.6GHz,999.0
Intel Core i7 7500U 2.7GHz,1090.0
Intel Core i3 7130U 2.7GHz,572.0
AMD A6-Series 7310 2GHz,298.0
Intel Core i7 6700HQ 2.6GHz,1269.0
Intel Pentium Dual Core N4200 1.1GHz,581.9
Intel Core i5 6200U 2.3GHz,932.0
Intel Core i7 8550U 1.8GHz,1299.0
AMD A9-Series 9420 3GHz,395.0
Intel Core i5 8250U 1.6GHz,1199.0
AMD A9-Series 9420 3GHz,426.0
Intel Core i5 8250U 1.6GHz,1449.9
Intel Core i7 7700HQ 2.8GHz,899.0
Intel Core i5 7300HQ 2.5GHz,1199.0
Intel Core i5 8250U 1.6GHz,800.0
Intel Core i5 6300U 2.4GHz,1629.0
Intel Core i5 7200U 2.5GHz,519.0
AMD E-Series E2-9000e 1.5GHz,258.0
Intel Core i7 7700HQ 2.8GHz,2456.34
